{
    "0": {
        "precision": 1.0,
        "recall": 1.0,
        "f1-score": 1.0,
        "support": 50.0
    },
    "1": {
        "precision": 0.9245283018867925,
        "recall": 0.98,
        "f1-score": 0.9514563106796117,
        "support": 50.0
    },
    "2": {
        "precision": 0.9787234042553191,
        "recall": 0.92,
        "f1-score": 0.9484536082474226,
        "support": 50.0
    },
    "accuracy": 0.9666666666666667,
    "macro avg": {
        "precision": 0.9677505687140372,
        "recall": 0.9666666666666667,
        "f1-score": 0.9666366396423447,
        "support": 150.0
    },
    "weighted avg": {
        "precision": 0.9677505687140372,
        "recall": 0.9666666666666667,
        "f1-score": 0.9666366396423448,
        "support": 150.0
    }
}